{
    "format_version": "1.8.0",
    "animations": {
        "animation.projectcamel.volcano.erupt": {
            "loop": "hold_on_last_frame",
            "animation_length": 12.84,
            "bones": {
                "root": {
                    "position": {
                        "7.52": [0, -185, 0],
                        "8.0": [0, 0, 0],
                        "8.6": [0, 69.62, 0],
                        "9.0": [0, 103.6917, 0],
                        "9.44": [0, 119.7883, 0],
                        "9.88": [0, 125.5414, 0],
                        "10.4": [0, 128.5312, 0],
                        "10.88": [0, 129.86, 0]
                    }
                },
                "rock1": {
                    "rotation": {
                        "7.96": [0, 0, 0],
                        "11.76": [155, 0, -385]
                    },
                    "position": {
                        "7.96": [0, 0, 0],
                        "11.76": [0, 339, 0]
                    },
                    "scale": {
                        "7.88": [0, 0, 0],
                        "7.96": [1.5, 1.5, 1.5],
                        "8.88": [0.8947, 0.8947, 0.8947],
                        "9.84": [0.7368, 0.7368, 0.7368],
                        "11.76": [0, 0, 0]
                    }
                },
                "Pos1": {
                    "rotation": {
                        "7.96": [0, 0, 0],
                        "11.76": [0, 0, -105]
                    },
                    "position": {
                        "7.96": [0, 0, 0],
                        "11.76": [0, 399, 0]
                    }
                },
                "Pos2": {
                    "rotation": {
                        "7.96": [0, 0, 0],
                        "12.4": [4.47789, 62.35811, -85.84925]
                    },
                    "position": {
                        "7.96": [0, 0, 0],
                        "9.24": [0, 46.99, 0],
                        "9.6": [0, 53.16, 0],
                        "10.08": [0, 57.27, 0],
                        "12.4": [0, 0, 0]
                    }
                },
                "rock2": {
                    "rotation": {
                        "7.96": [0, 0, 0],
                        "12.4": [565.33001, -57.02653, 105.15351]
                    },
                    "position": {
                        "7.96": [0, 0, 0],
                        "12.4": [-126.75271, -0.36415, -181.03762]
                    },
                    "scale": {
                        "7.88": [0, 0, 0],
                        "7.96": [3, 3, 3],
                        "12.4": [0, 0, 0]
                    }
                },
                "Pos3": {
                    "rotation": {
                        "7.96": [0, 0, 0],
                        "12.84": [89.56561, 77.538, -79.99067]
                    },
                    "position": {
                        "7.96": [0, 0, 0],
                        "12.84": [0, 0, -477]
                    }
                },
                "rock3": {
                    "rotation": {
                        "7.96": [0, 0, 0],
                        "12.84": [253.10985, -0.93302, -735.75134]
                    },
                    "scale": {
                        "7.88": [0, 0, 0],
                        "7.96": [1, 1, 1],
                        "12.84": [0, 0, 0]
                    }
                },
                "Pos4": {
                    "rotation": {
                        "7.96": [0, 0, 0],
                        "12.84": [59.13869, 71.82899, -61.8176]
                    },
                    "position": {
                        "7.96": [0, 0, 0],
                        "9.76": [0, 175.5, 0],
                        "10.56": [0, 231.21, 0],
                        "11.2": [0, 255.09, 0],
                        "11.68": [0, 264.86, 0],
                        "12.4": [0, 273, 0]
                    },
                    "scale": {
                        "7.96": [1, 1, 1],
                        "12.84": [1, 1, 1]
                    }
                },
                "rock4": {
                    "rotation": {
                        "7.96": [0, 0, 0],
                        "12.84": [732.4508, -32.19969, -240.4506]
                    },
                    "scale": {
                        "7.88": [0, 0, 0],
                        "7.96": [1, 1, 1],
                        "12.84": [0, 0, 0]
                    }
                },
                "Pos5": {
                    "rotation": {
                        "7.96": [0, 0, 0],
                        "12.84": [-83.51012, 71.08345, 49.50497]
                    },
                    "position": {
                        "7.96": [0, 0, 0],
                        "12.84": [-177, 0, -397]
                    }
                },
                "rock5": {
                    "rotation": {
                        "7.96": [0, 0, 0],
                        "12.68": [15, -130, -581.98]
                    },
                    "scale": {
                        "7.88": [0, 0, 0],
                        "7.96": [2, 2, 2],
                        "9.72": [2, 2, 2],
                        "12.68": [0, 0, 0]
                    }
                },
                "Pos7": {
                    "rotation": {
                        "7.96": [0, 0, 0],
                        "12.84": [-85, 0, 0]
                    }
                },
                "Pos6": {
                    "rotation": {
                        "7.96": [0, 0, 0],
                        "12.84": [-90.64743, 77.41476, 74.98635]
                    }
                },
                "rock6": {
                    "rotation": {
                        "7.96": [0, 0, 0],
                        "12.84": [-218.41032, 58.51071, -756.19022]
                    },
                    "position": {
                        "7.96": [0, 0, 0],
                        "12.84": [204.58137, -9.24731, -54.81741]
                    },
                    "scale": {
                        "7.88": [0, 0, 0],
                        "7.96": [2.4, 2.4, 2.4],
                        "12.84": [0, 0, 0]
                    }
                },
                "rock7": {
                    "rotation": {
                        "7.96": [0, 0, 0],
                        "12.84": [-607.90292, 13.35907, 217.85765]
                    },
                    "scale": {
                        "7.88": [0, 0, 0],
                        "7.96": [2.5, 2.5, 2.5],
                        "12.84": [0, 0, 0]
                    }
                }
            },
            "sound_effects": {
                "0.0": {
                    "effect": "live_volcano_eruption"
                }
            }
        }
    }
}
